照会口座,番号,勘定日,（起算日）,出金金額（円）,入金金額（円）,小切手区分,残高（円）,取引区分,明細区分,金融機関名,支店名,発注者名
ﾖﾅｺﾞﾋｶﾞｼ支店（081） 普通 2467099,001,2025/1/6,,,"31,240",,"34,244,240",振込,,ｻﾝｲﾝｺﾞｳｷﾞﾝ,ﾄﾂﾄﾘ,ﾄﾂﾄﾘｹﾝｾﾂ(ｶ
ﾖﾅｺﾞﾋｶﾞｼ支店（081） 普通 2467099,002,2025/1/6,,,"30,558",,"34,274,798",振込,,ｻﾝｲﾝｺﾞｳｷﾞﾝ,ﾖﾅｺﾞﾋｶﾞｼ,ﾀﾞｲﾄﾞ-ﾍﾞﾝﾃﾞｲﾝｸﾞｼﾞﾔﾊﾟﾝ(ｶ
ﾖﾅｺﾞﾋｶﾞｼ支店（081） 普通 2467099,018,2025/1/6,,,"215,160",,"17,435,572",振込,,ﾐﾂｲｽﾐﾄﾓ,ﾆﾝｷﾞﾖｳﾁﾖｳ,ﾖﾅｺﾞｺｳｷﾞﾖｳ(ｶ
ﾖﾅｺﾞﾋｶﾞｼ支店（081） 普通 2467099,001,2025/1/9,,,"42,900",,"16,770,003",振込,,ｻﾝｲﾝｺﾞｳｷﾞﾝ,ｷｼﾓﾄ,ｲﾅｶﾞﾜﾁﾖｳ
ﾖﾅｺﾞﾋｶﾞｼ支店（081） 普通 2467099,002,2025/1/10,,,"41,030",,"6,747,498",振込,,ｻﾝｲﾝｺﾞｳﾄﾞｳ,ﾖﾅｺﾞﾆｼ,ｶ)ｸﾗﾖｼﾎﾝﾃﾝ
ﾖﾅｺﾞﾋｶﾞｼ支店（081） 普通 2467099,003,2025/1/10,,,"363,000",,"7,110,498",振込,,ｻﾝｲﾝｺﾞｳｷﾞﾝ,ﾖﾅｺﾞﾆｼ,ｶ)ｻｶｲﾐﾅﾄｸﾐ
ﾖﾅｺﾞﾋｶﾞｼ支店（081） 普通 2467099,004,2025/1/10,,,"98,890",,"7,209,388",振込,,ｻﾝｲﾝｺﾞｳｷﾞﾝ,ｸﾗﾖｼ,ｶ)ｲﾜﾐ
ﾖﾅｺﾞﾋｶﾞｼ支店（081） 普通 2467099,005,2025/1/10,,,"4,983",,"7,214,371",振込,,ｻﾝｲﾝｺﾞｳｷﾞﾝ,ﾖﾅｺﾞﾋｶﾞｼ,ﾀﾞｲﾄﾞ-ﾍﾞﾝﾃﾞｲﾝｸﾞｼﾞﾔﾊﾟﾝ(ｶ
ﾖﾅｺﾞﾋｶﾞｼ支店（081） 普通 2467099,006,2025/1/10,,,"8,792,300",,"16,006,671",振込,,ｻﾝｲﾝｺﾞｳｷﾞﾝ,ﾄﾂﾄﾘｹﾝﾁﾖｳ,ﾋﾖｳｺﾞｹﾝﾎｸﾌﾞｿｳｺﾞｳ
ﾖﾅｺﾞﾋｶﾞｼ支店（081） 普通 2467099,016,2025/1/10,,,"380,600",,"9,364,981",振込,,ﾄﾂﾄﾘ,ﾎﾝﾃﾝ,ｶ)ﾜｶｻｾﾂｹｲｼﾞﾑｼﾖ
ﾖﾅｺﾞﾋｶﾞｼ支店（081） 普通 2467099,017,2025/1/10,,,"376,750",,"9,741,731",振込,,ﾖﾅｺﾞｼﾝｷﾝ,ｾﾝﾀ-,ﾕ)ﾁﾂﾞｾﾂｹｲｼﾞﾑｼﾖ
ﾖﾅｺﾞﾋｶﾞｼ支店（081） 普通 2467099,018,2025/1/10,,,"401,060",,"10,142,791",振込,,ﾐﾂｲｽﾐﾄﾓ,ｷﾖｳﾊﾞｼ,ﾔｽﾞﾎｻﾞｲ(ｶ
ﾖﾅｺﾞﾋｶﾞｼ支店（081） 普通 2467099,019,2025/1/10,,,"132,000",,"10,274,791",振込,,ｻﾝｲﾝｺﾞｳｷﾞﾝ,ﾁﾖﾐ,ﾐｻｻｹﾝｾﾂ(ｶ
ﾖﾅｺﾞﾋｶﾞｼ支店（081） 普通 2467099,020,2025/1/10,,,"73,755",,"10,348,546",振込,,ｻﾝｲﾝｺﾞｳｷﾞﾝ,ﾖﾅｺﾞ,ﾕﾘﾊﾏｾｲｿｳ(ｶ
ﾖﾅｺﾞﾋｶﾞｼ支店（081） 普通 2467099,001,2025/1/13,,,"16,500",,"10,360,096",振込,,ｼﾏﾈ,ﾄﾂﾄﾘ,ｺﾄｳﾗ(ｶ
ﾖﾅｺﾞﾋｶﾞｼ支店（081） 普通 2467099,001,2025/1/14,,,"3,401,200",,"13,761,296",振込,,ｻﾝｲﾝｺﾞｳｷﾞﾝ,ﾄﾂﾄﾘｹﾝﾁﾖｳ,ﾋﾖｳｺﾞｹﾝﾎｸﾌﾞｿｳｺﾞｳﾄﾖｵｶｹﾝﾄﾞ
ﾖﾅｺﾞﾋｶﾞｼ支店（081） 普通 2467099,002,2025/1/14,,,"3,076,700",,"16,837,996",振込,,ｻﾝｲﾝｺﾞｳｷﾞﾝ,ﾄﾂﾄﾘｹﾝﾁﾖｳ,ﾋﾖｳｺﾞｹﾝﾎｸﾌﾞｿｳｺﾞｳﾄﾖｵｶｹﾝﾄﾞ
ﾖﾅｺﾞﾋｶﾞｼ支店（081） 普通 2467099,001,2025/1/15,,,"11,482,900",,"18,297,171",振込,,ｻﾝｲﾝｺﾞｳｷﾞﾝ,ｻｲﾊｸ,ﾊﾘﾏﾁﾖｳ
ﾖﾅｺﾞﾋｶﾞｼ支店（081） 普通 2467099,002,2025/1/15,,,"4,210",,"18,301,381",振込,,ｻﾝｲﾝｺﾞｳｷﾞﾝ,ﾋﾛｼﾏ,ﾁﾕｳｺﾞｸﾃﾞﾝﾘﾖｸ
ﾖﾅｺﾞﾋｶﾞｼ支店（081） 普通 2467099,003,2025/1/15,,,"472,395",,"18,773,776",振込,,ﾘｿﾅ,ｵｵｻｶ,ｶ)ｵｸﾀﾆｸﾞﾐ
ﾖﾅｺﾞﾋｶﾞｼ支店（081） 普通 2467099,004,2025/1/15,,,"2,099,320",,"20,873,096",振込,,ｻﾝｲﾝｺﾞｳｷﾞﾝ,ﾖﾅｺﾞﾋｶﾞｼ,ﾎｸｴｲﾃｸﾉ(ｶ
ﾖﾅｺﾞﾋｶﾞｼ支店（081） 普通 2467099,009,2025/1/15,,,"26,400",,"20,300,178",振込,,ｻﾝｲﾝｺﾞｳﾄﾞｳ,ｸﾗﾖｼ,ﾋｴﾂﾞﾄﾞｹﾝ(ｶ
ﾖﾅｺﾞﾋｶﾞｼ支店（081） 普通 2467099,010,2025/1/15,,,"425,150",,"20,725,328",振込,,ﾐﾂﾋﾞｼUFJ,ｵｵｻｶ,ﾀﾞｲｾﾝﾃﾂｸ(ｶ
ﾖﾅｺﾞﾋｶﾞｼ支店（081） 普通 2467099,011,2025/1/15,,,"73,700",,"20,799,028",振込,,ﾄﾂﾄﾘ,ﾄｳﾊｸ,ｶ)ﾅﾝﾌﾞｸﾐ
ﾖﾅｺﾞﾋｶﾞｼ支店（081） 普通 2467099,001,2025/1/17,,,"99,000",,"5,874,071",振込,,ｻﾝｲﾝｺﾞｳｷﾞﾝ,ﾖﾅｺﾞ,ｶ)ﾎｳｷｹﾝﾁｸ
ﾖﾅｺﾞﾋｶﾞｼ支店（081） 普通 2467099,001,2025/1/20,,,"7,700",,"3,330,796",振込,,ｻﾝｲﾝｺﾞｳﾄﾞｳ,ｸﾗﾖｼ,ﾆﾁﾅﾝｺｳｷﾞｮｳ(ﾕ
ﾖﾅｺﾞﾋｶﾞｼ支店（081） 普通 2467099,002,2025/1/20,,,"2,941,620",,"6,272,416",振込,,ｻﾝｲﾝｺﾞｳﾄﾞｳ,ﾄﾂﾄﾘ,ｶ)ﾋﾉｸﾞﾐ
ﾖﾅｺﾞﾋｶﾞｼ支店（081） 普通 2467099,003,2025/1/20,,,"30,768",,"6,303,184",振込,,ﾐﾂﾋﾞｼUFJ,ﾖｺﾊﾏ,ｺｶ.ｺ-ﾗﾎﾞﾄﾗ-ｽﾞｼﾞﾔﾊﾟﾝ(ｶ CC
ﾖﾅｺﾞﾋｶﾞｼ支店（081） 普通 2467099,004,2025/1/20,,,"395,560",,"6,698,744",振込,,ｻﾝｲﾝｺﾞｳｷﾞﾝ,ﾖﾅｺﾞﾋｶﾞｼ,ｶ)ｺｳﾌﾃﾂｸ
ﾖﾅｺﾞﾋｶﾞｼ支店（081） 普通 2467099,005,2025/1/20,,,"1,275,890",,"7,974,634",振込,,ｻﾝｲﾝｺﾞｳｷﾞﾝ,ｺｳﾌ,ﾕ)ﾏﾂｴｸﾞﾐ
ﾖﾅｺﾞﾋｶﾞｼ支店（081） 普通 2467099,006,2025/1/20,,,"1,731,400",,"9,706,034",振込,,ｻﾝｲﾝｺﾞｳｷﾞﾝ,ﾖﾅｺﾞﾆｼ,ﾊﾏﾀﾞｷﾞｹﾝ(ｶ
ﾖﾅｺﾞﾋｶﾞｼ支店（081） 普通 2467099,007,2025/1/20,,,"489,900",,"10,195,934",振込,,ｻﾝｲﾝｺﾞｳｷﾞﾝ,ﾄﾂﾄﾘ,ｶ)ｲｽﾞﾓｸﾞﾐ
ﾖﾅｺﾞﾋｶﾞｼ支店（081） 普通 2467099,008,2025/1/20,,,"5,500",,"10,201,434",振込,,ｻﾝｲﾝｺﾞｳｷﾞﾝ,ﾔｽｷﾞ,ﾏｽﾀﾞｹﾝｾﾂ(ｶ
ﾖﾅｺﾞﾋｶﾞｼ支店（081） 普通 2467099,009,2025/1/20,,,"73,700",,"10,275,134",振込,,ｻﾝｲﾝｺﾞｳｷﾞﾝ,ﾋﾉﾊﾞｼ,ｶ)ｵｵﾀﾞｽｲｷ
ﾖﾅｺﾞﾋｶﾞｼ支店（081） 普通 2467099,010,2025/1/20,,,"19,470",,"10,294,604",振込,,ｻﾝｲﾝｺﾞｳｷﾞﾝ,ｻｶｲﾐﾅﾄ,ｱｺｳｼｹﾞｽｲﾄﾞｳｼﾞｷﾞﾖｳ
ﾖﾅｺﾞﾋｶﾞｼ支店（081） 普通 2467099,011,2025/1/20,,,"164,450",,"10,459,054",振込,,ﾋﾛｼﾏ,ｵｶﾔﾏ,ﾔｽｷﾞｷﾝｿﾞｸ(ｶ
ﾖﾅｺﾞﾋｶﾞｼ支店（081） 普通 2467099,012,2025/1/20,,,"74,027",,"10,533,081",振込,,ｻﾝｲﾝｺﾞｳｷﾞﾝ,ﾄﾂﾄﾘｴｷﾅﾝ,ｺﾞｳﾂｹﾝｾﾂ(ｶ
ﾖﾅｺﾞﾋｶﾞｼ支店（081） 普通 2467099,020,2025/1/20,,,"53,240",,"8,795,783",振込,,ﾐｽﾞﾎ,ﾄｳｷﾖｳﾎｳｼﾞﾝ,ｳﾝﾅﾝｺｳｼﾞ(ｶ
ﾖﾅｺﾞﾋｶﾞｼ支店（081） 普通 2467099,021,2025/1/20,,,"593,230",,"9,389,013",振込,,ﾐﾂｲｽﾐﾄﾓ,ﾅｺﾞﾔ,ｵｸｲｽﾞﾓﾘﾝｸﾞ(ｶ
ﾖﾅｺﾞﾋｶﾞｼ支店（081） 普通 2467099,022,2025/1/20,,,"26,895",,"9,415,908",振込,,ﾄﾂﾄﾘ,ﾄﾂﾄﾘﾋｶﾞｼ,ﾕ)ｲｲﾅﾝｹﾝｾﾂ
ﾖﾅｺﾞﾋｶﾞｼ支店（081） 普通 2467099,023,2025/1/20,,,"52,800",,"9,468,708",振込,,ﾄﾂﾄﾘ,ﾖﾅｺﾞﾁﾕｳｵｳ,ｶ)ｶﾜﾓﾄ
ﾖﾅｺﾞﾋｶﾞｼ支店（081） 普通 2467099,024,2025/1/20,,,"26,400",,"9,495,108",振込,,ﾄﾏﾄ,ﾋﾙｾﾞﾝ,ｶ)ﾐｻﾄｺｳﾑﾃﾝ
ﾖﾅｺﾞﾋｶﾞｼ支店（081） 普通 2467099,025,2025/1/20,,,"175,340",,"9,670,448",振込,,ﾐﾂｲｽﾐﾄﾓ,ﾄｳｷﾖｳ,ｵｵﾅﾝ(ｶ
ﾖﾅｺﾞﾋｶﾞｼ支店（081） 普通 2467099,026,2025/1/20,,,"495,000",,"10,165,448",振込,,ﾀｼﾞﾏ,ﾑﾗｵｶ,ﾂﾜﾉｹﾝｻﾞｲ(ｶ
ﾖﾅｺﾞﾋｶﾞｼ支店（081） 普通 2467099,001,2025/1/21,,,"132,000",,"10,297,448",振込,,ｻﾝｲﾝｺﾞｳｷﾞﾝ,ﾄﾂﾄﾘｴｷﾅﾝ,ﾖｼｶﾞｹﾝｾﾂ(ｶ
ﾖﾅｺﾞﾋｶﾞｼ支店（081） 普通 2467099,004,2025/1/21,,,"460,790",,"10,715,058",振込,,ｻﾝｲﾝｺﾞｳｷﾞﾝ,ｻｶｲﾋｶﾞｼ,ｶ)ｱﾏｹﾝﾁｸｾﾂｹｲｼﾞﾑｼﾖ
ﾖﾅｺﾞﾋｶﾞｼ支店（081） 普通 2467099,003,2025/1/22,,,"12,096",,"10,512,874",振込,,ﾔﾏｸﾞﾁ,ｲﾜｸﾆ,ﾆｼﾉｼﾏﾃｸﾉ(ｶ
ﾖﾅｺﾞﾋｶﾞｼ支店（081） 普通 2467099,001,2025/1/23,,,"1,045,000",,"11,557,874",振込,,ｻﾝｲﾝｺﾞｳｷﾞﾝ,ﾄﾂﾄﾘｹﾝﾁﾖｳ,ﾋﾖｳｺﾞｹﾝｾｲｶﾂｶﾝｷﾖｳ
ﾖﾅｺﾞﾋｶﾞｼ支店（081） 普通 2467099,006,2025/1/23,,,"66,000",,"11,588,250",振込,,ﾐﾂﾋﾞｼUFJ,ｳｴﾎﾝﾏﾁ,ﾁﾌﾞ(ｶ
ﾖﾅｺﾞﾋｶﾞｼ支店（081） 普通 2467099,003,2025/1/24,,,"42,295",,"3,372,506",振込,,ﾘｿﾅ,ｵｵｻｶ,ｵｷﾉｼﾏ(ｶ
ﾖﾅｺﾞﾋｶﾞｼ支店（081） 普通 2467099,004,2025/1/24,,,"8,788,010",,"12,160,516",振込,,ﾐﾂｲｽﾐﾄﾓ,ﾄｳｷﾖｳ,ｵｶﾔﾏｻﾎﾟｰﾄ(ｶ
ﾖﾅｺﾞﾋｶﾞｼ支店（081） 普通 2467099,006,2025/1/24,,,"550,000",,"12,486,597",振込,,ﾐﾂﾋﾞｼUFJ,ｵﾓﾃｻﾝﾄﾞｳ,ｸﾗｼｷｺﾝｻﾙ(ｶ
ﾖﾅｺﾞﾋｶﾞｼ支店（081） 普通 2467099,024,2025/1/27,,,"39,600",,"3,886,302",振込,,ｼﾏﾈ,ﾔｽｷﾞ,ﾕ)ﾂﾔﾏﾄﾞｹﾝ
ﾖﾅｺﾞﾋｶﾞｼ支店（081） 普通 2467099,025,2025/1/27,,,"1,095,450",,"4,981,752",振込,,ﾁﾕｳｺﾞｸ,ﾀｶﾊｼ,ﾀﾏﾉｹﾝｾﾂ(ｶ
ﾖﾅｺﾞﾋｶﾞｼ支店（081） 普通 2467099,026,2025/1/27,,,"244,200",,"5,225,952",振込,,ﾄﾂﾄﾘ,ﾅﾜ,ﾌｸｻｷﾁﾖｳ
ﾖﾅｺﾞﾋｶﾞｼ支店（081） 普通 2467099,027,2025/1/27,,,"13,200",,"5,239,152",振込,,ﾄﾂﾄﾘ,ｶﾜﾊﾞﾗ,ｶ)ｶｻｵｶｹﾝｾﾂ
ﾖﾅｺﾞﾋｶﾞｼ支店（081） 普通 2467099,001,2025/1/28,,,"1,753,290",,"6,992,442",振込,,ｻﾝｲﾝｺﾞｳｷﾞﾝ,ｲﾜﾐ,ｲﾊﾗｸﾞﾐ
ﾖﾅｺﾞﾋｶﾞｼ支店（081） 普通 2467099,002,2025/1/28,,,"19,470,000",,"26,462,442",振込,,ﾄﾂﾄﾘ,ﾄﾂﾄﾘｹﾝﾁﾖｳ,ﾋﾖｳｺﾞｹﾝﾔﾌﾞｹﾝﾄﾞ
ﾖﾅｺﾞﾋｶﾞｼ支店（081） 普通 2467099,001,2025/1/29,,,"20,000",,"26,035,329",振込,,ﾐｽﾞﾎ,ｴﾄﾞｶﾞﾜﾊﾞｼ,ｿｸﾘﾖｳｱﾝﾄﾞﾃﾞｻﾞｲﾝｷｷﾞﾖｳﾈﾝｷﾝｷｷﾝ ﾌｸｼｼｾﾂｸﾞﾁ
ﾖﾅｺﾞﾋｶﾞｼ支店（081） 普通 2467099,001,2025/1/30,,,"21,890",,"26,057,219",振込,,ｻﾝｲﾝｺﾞｳｷﾞﾝ,ﾖﾅｺﾞﾋｶﾞｼ,ﾄｸﾋ)ｴｺﾊﾟ-ﾄﾅ-ﾄﾂ
ﾖﾅｺﾞﾋｶﾞｼ支店（081） 普通 2467099,002,2025/1/31,,,"66,000",,"32,077,641",振込,,ｻﾝｲﾝｺﾞｳﾄﾞｳ,ｸﾗﾖｼ,ｿｳｼﾞﾔ(ｶ
ﾖﾅｺﾞﾋｶﾞｼ支店（081） 普通 2467099,003,2025/1/31,,,"366,300",,"32,443,941",振込,,ﾐｽﾞﾎ,ｳﾁｻｲﾜｲﾁﾖｳ,ｶ)ﾀｶﾊｼ
ﾖﾅｺﾞﾋｶﾞｼ支店（081） 普通 2467099,004,2025/1/31,,,"8,732,240",,"41,176,181",振込,,ｻﾝｲﾝｺﾞｳｷﾞﾝ,ﾄﾂﾄﾘ,ﾄﾂﾄﾘｹﾝｾﾂ(ｶ
ﾖﾅｺﾞﾋｶﾞｼ支店（081） 普通 2467099,005,2025/1/31,,,"37,400",,"41,213,581",振込,,ｻﾝｲﾝｺﾞｳｷﾞﾝ,ﾖﾅｺﾞ,ﾆｲﾐｹﾝｾﾂ(ｶ
ﾖﾅｺﾞﾋｶﾞｼ支店（081） 普通 2467099,006,2025/1/31,,,"399,850",,"41,613,431",振込,,ｻﾝｲﾝｺﾞｳｷﾞﾝ,ｸﾗﾖｼ,ﾋﾞｾﾞﾝｸﾞﾐ(ｶ
ﾖﾅｺﾞﾋｶﾞｼ支店（081） 普通 2467099,007,2025/1/31,,,"106,700",,"41,720,131",振込,,ｻﾝｲﾝｺﾞｳｷﾞﾝ,ﾋﾉﾊﾞｼ,ｾﾄｳﾁｺｳｷﾞﾖｳ(ｶ
ﾖﾅｺﾞﾋｶﾞｼ支店（081） 普通 2467099,008,2025/1/31,,,"1,342,000",,"43,062,131",振込,,ｻﾝｲﾝｺﾞｳｷﾞﾝ,ｻｶｲﾐﾅﾄ,ｱｶｲﾜｹﾝｾﾂ(ｶ
ﾖﾅｺﾞﾋｶﾞｼ支店（081） 普通 2467099,009,2025/1/31,,,"165,000",,"43,227,131",振込,,ｻﾝｲﾝｺﾞｳｷﾞﾝ,ﾖﾅｺﾞﾋｶﾞｼ,ﾎｸｴｲﾃｸﾉ(ｶ
ﾖﾅｺﾞﾋｶﾞｼ支店（081） 普通 2467099,010,2025/1/31,,,"27,610",,"43,254,741",振込,,ｻﾝｲﾝｺﾞｳｷﾞﾝ,ﾖﾅｺﾞ,ｶ)ﾏﾆﾜ
ﾖﾅｺﾞﾋｶﾞｼ支店（081） 普通 2467099,011,2025/1/31,,,"54,369",,"43,309,110",振込,,ｻﾝｲﾝｺﾞｳｷﾞﾝ,ﾖﾅｺﾞﾋｶﾞｼ,ﾄｸﾋ)ｴｺﾊﾟ-ﾄﾅ-ﾄﾂ
ﾖﾅｺﾞﾋｶﾞｼ支店（081） 普通 2467099,012,2025/1/31,,,"274,890",,"43,584,000",振込,,ｻﾝｲﾝｺﾞｳｷﾞﾝ,ｻｶｲﾐﾅﾄ,ｶ)ﾐﾏｻｶ
ﾖﾅｺﾞﾋｶﾞｼ支店（081） 普通 2467099,013,2025/1/31,,,"2,170,300",,"45,754,300",振込,,ｻﾝｲﾝｺﾞｳｷﾞﾝ,ﾏｽﾀﾞ,ｶ)ｱｻｸﾁｾﾂｹｲ
ﾖﾅｺﾞﾋｶﾞｼ支店（081） 普通 2467099,014,2025/1/31,,,"1,501,390",,"47,255,690",振込,,ｻﾝｲﾝｺﾞｳｷﾞﾝ,ｼﾖｳﾔﾏ,ﾕ)ﾜｹｸﾞﾐ
ﾖﾅｺﾞﾋｶﾞｼ支店（081） 普通 2467099,015,2025/1/31,,,"263,890",,"47,519,580",振込,,ｻﾝｲﾝｺﾞｳｷﾞﾝ,ﾏﾂｻﾞｷ,ﾊﾔｼﾏｸﾞﾐ
ﾖﾅｺﾞﾋｶﾞｼ支店（081） 普通 2467099,017,2025/1/31,,,"2,530,000",,"50,053,580",振込,,ｻﾝｲﾝｺﾞｳｷﾞﾝ,ﾎﾝﾃﾝ,ｻﾄｼﾖｳﾁｹﾝ
ﾖﾅｺﾞﾋｶﾞｼ支店（081） 普通 2467099,038,2025/1/31,,,"440,000",,"15,490,014",振込,,ﾋﾛｼﾏ,ﾎﾝﾃﾝ,ｶ)ﾔｶｹﾞ
ﾖﾅｺﾞﾋｶﾞｼ支店（081） 普通 2467099,040,2025/1/31,,,"11,000",,"15,398,374",振込,,ﾘｿﾅ,ﾄﾗﾉﾓﾝ,ｼﾝｼﾞﾖｳ
ﾖﾅｺﾞﾋｶﾞｼ支店（081） 普通 2467099,041,2025/1/31,,,"32,450",,"15,430,824",振込,,ﾄﾂﾄﾘｼﾝｷﾝ,ｾﾝﾀ-,ｶ)ｶｶﾞﾐﾉﾄﾞﾎﾞｸ
ﾖﾅｺﾞﾋｶﾞｼ支店（081） 普通 2467099,042,2025/1/31,,,"244,200",,"15,675,024",振込,,ﾐﾂｲｽﾐﾄﾓ,ﾆﾎﾝﾊﾞｼ,ｼﾖｳｵｳ(ﾄﾞ
ﾖﾅｺﾞﾋｶﾞｼ支店（081） 普通 2467099,043,2025/1/31,,,"22,000",,"15,697,024",振込,,ｷﾖｳﾄ,ｳｼﾞ,ｶ)ﾅｷﾞﾘｻｰﾁ
ﾖﾅｺﾞﾋｶﾞｼ支店（081） 普通 2467099,044,2025/1/31,,,"563,750",,"16,260,774",振込,,ﾄﾂﾄﾘ,ﾖﾅｺﾞﾁﾕｳｵｳ,ｶ)ﾆｼｱﾜｸﾗｸﾞﾐ
ﾖﾅｺﾞﾋｶﾞｼ支店（081） 普通 2467099,045,2025/1/31,,,"1,990,378",,"18,251,152",振込,,ﾐﾂﾋﾞｼUFJ,ｼﾝﾊﾞｼｴｷﾏｴ,ｸﾒﾅﾝｹﾝｾﾂ
ﾖﾅｺﾞﾋｶﾞｼ支店（081） 普通 2467099,046,2025/1/31,,,"130,900",,"18,382,052",振込,,ﾐﾂｲｽﾐﾄﾓ,ﾎﾝﾃﾝ,ﾐｻｷ(ｶ
ﾖﾅｺﾞﾋｶﾞｼ支店（081） 普通 2467099,047,2025/1/31,,,"1,538,790",,"19,920,842",振込,,ﾄﾂﾄﾘ,ｲﾜﾐ,ｶ)ｷﾋﾞﾁﾕｳｵｳ
ﾖﾅｺﾞﾋｶﾞｼ支店（081） 普通 2467099,048,2025/1/31,,,"363,000",,"20,283,842",振込,,ﾄﾂﾄﾘｾｲﾌﾞﾉｳｷﾖｳ,ﾖﾅｺﾞﾁﾕｳｵｳ,ﾋﾛｼﾏﾀﾛｳ
ﾖﾅｺﾞﾋｶﾞｼ支店（081） 普通 2467099,049,2025/1/31,,,"24,750",,"20,308,592",振込,,ｻｲｷﾖｳ,ｸﾀﾞﾏﾂ,ｶ)ｸﾚﾎﾞｰﾘﾝｸﾞ
ﾖﾅｺﾞﾋｶﾞｼ支店（081） 普通 2467099,001,2025/2/3,,,"4,536,290",,"24,826,622",振込,,ｻﾝｲﾝｺﾞｳｷﾞﾝ,ﾄｳﾊｸ,ｶ)ﾀｹﾊﾗｸﾞﾐ
ﾖﾅｺﾞﾋｶﾞｼ支店（081） 普通 2467099,002,2025/2/3,,,"3,670,700",,"28,497,322",振込,,ｻﾝｲﾝｺﾞｳｷﾞﾝ,ﾄｳﾊｸ,ﾐﾊﾗｹﾝｾﾂ(ｶ
ﾖﾅｺﾞﾋｶﾞｼ支店（081） 普通 2467099,004,2025/2/3,,,"105,600",,"28,545,722",振込,,ｻﾝｲﾝｺﾞｳﾄﾞｳ,ｷｼﾓﾄ,ｶ)ｵﾉﾐﾁｺｳﾑﾃﾝ
ﾖﾅｺﾞﾋｶﾞｼ支店（081） 普通 2467099,005,2025/2/3,,,"44,000",,"28,589,722",振込,,ﾄﾂﾄﾘｼﾝｷﾝ,ｸﾗﾖｼ,ﾌｸﾔﾏｹﾝｼﾞ
ﾖﾅｺﾞﾋｶﾞｼ支店（081） 普通 2467099,006,2025/2/3,,,"77,000",,"28,666,722",振込,,ｻﾝｲﾝｺﾞｳｷﾞﾝ,ｸﾗﾖｼ,ｶ)ﾌﾁﾕｳｸﾞﾐ
ﾖﾅｺﾞﾋｶﾞｼ支店（081） 普通 2467099,001,2025/2/5,,,"154,990",,"28,703,942",振込,,ﾐﾂｲｽﾐﾄﾓ,ﾆﾝｷﾞﾖｳﾁﾖｳ,ﾖﾅｺﾞｺｳｷﾞﾖｳ(ｶ
ﾖﾅｺﾞﾋｶﾞｼ支店（081） 普通 2467099,002,2025/2/5,,,"4,456,100",,"33,160,042",振込,,ﾄﾂﾄﾘ,ﾅﾜ,ﾌｸｻｷﾁﾖｳ
ﾖﾅｺﾞﾋｶﾞｼ支店（081） 普通 2467099,004,2025/2/7,,,"2,000,000",,"34,908,743",振込,,ｻﾝｲﾝｺﾞｳﾄﾞｳ,ｻｸﾗﾀﾞﾆ,ｶ)ｴｽｼﾞ-ｽﾞ
ﾖﾅｺﾞﾋｶﾞｼ支店（081） 普通 2467099,002,2025/2/10,,,"384,340",,"3,889,367",振込,,ｻﾝｲﾝｺﾞｳｷﾞﾝ,ｸﾗﾖｼ,ｶ)ﾐﾖｼｸﾞﾐ
ﾖﾅｺﾞﾋｶﾞｼ支店（081） 普通 2467099,003,2025/2/10,,,"394,900",,"4,284,267",振込,,ｻﾝｲﾝｺﾞｳｷﾞﾝ,ﾖﾅｺﾞﾆｼ,ﾊﾏﾀﾞｷﾞｹﾝ(ｶ
ﾖﾅｺﾞﾋｶﾞｼ支店（081） 普通 2467099,004,2025/2/10,,,"407,990",,"4,692,257",振込,,ｻﾝｲﾝｺﾞｳｷﾞﾝ,ｸﾗﾖｼ,ｶ)ｲﾜﾐ
ﾖﾅｺﾞﾋｶﾞｼ支店（081） 普通 2467099,005,2025/2/10,,,"4,983",,"4,697,240",振込,,ｻﾝｲﾝｺﾞｳｷﾞﾝ,ﾖﾅｺﾞﾋｶﾞｼ,ﾀﾞｲﾄﾞ-ﾍﾞﾝﾃﾞｲﾝｸﾞｼﾞﾔﾊﾟﾝ(ｶ
ﾖﾅｺﾞﾋｶﾞｼ支店（081） 普通 2467099,006,2025/2/10,,,"1,586,200",,"6,283,440",振込,,ｻﾝｲﾝｺﾞｳｷﾞﾝ,ﾁﾖﾐ,ﾐｻｻｹﾝｾﾂ(ｶ
ﾖﾅｺﾞﾋｶﾞｼ支店（081） 普通 2467099,007,2025/2/10,,,"298,100",,"6,581,540",振込,,ｻﾝｲﾝｺﾞｳｷﾞﾝ,ﾎﾝﾃﾝ,ｼﾖｳﾊﾞﾗｺｳｷﾞﾖｳ
ﾖﾅｺﾞﾋｶﾞｼ支店（081） 普通 2467099,016,2025/2/10,,,"424,600",,"2,979,150",振込,,ｻﾝｲﾝｺﾞｳﾄﾞｳ,ｸﾗﾖｼ,ﾕ)ｵｵﾀｹｾﾂｹｲ
ﾖﾅｺﾞﾋｶﾞｼ支店（081） 普通 2467099,017,2025/2/10,,,"13,090",,"2,992,240",振込,,ｻﾝｲﾝｺﾞｳﾄﾞｳ,ﾋﾉﾊﾞｼ,ﾋｶﾞｼﾋﾛｼﾏｹﾝｾﾂ(ﾕ
ﾖﾅｺﾞﾋｶﾞｼ支店（081） 普通 2467099,019,2025/2/10,,,"1,852,950",,"3,627,477",振込,,ﾄﾂﾄﾘ,ﾎﾝﾃﾝ,ﾊﾂｶｲﾁｹﾝｾﾂ(ｶ
ﾖﾅｺﾞﾋｶﾞｼ支店（081） 普通 2467099,020,2025/2/10,,,"2,683,560",,"6,311,037",振込,,ﾐﾂﾋﾞｼUFJ,ｶﾝﾀﾞ,ｶ)ｱｷﾀｶﾀﾞ
ﾖﾅｺﾞﾋｶﾞｼ支店（081） 普通 2467099,021,2025/2/10,,,"351,560",,"6,662,597",振込,,ﾐﾂｲｽﾐﾄﾓ,ｷﾖｳﾊﾞｼ,ﾔｽﾞﾎｻﾞｲ(ｶ
ﾖﾅｺﾞﾋｶﾞｼ支店（081） 普通 2467099,022,2025/2/10,,,"104,500",,"6,767,097",振込,,ｻﾝｲﾝｺﾞｳｷﾞﾝ,ﾖﾅｺﾞﾆｼ,ｶ)ｴﾀﾞｼﾏﾌﾟﾗﾝ
ﾖﾅｺﾞﾋｶﾞｼ支店（081） 普通 2467099,023,2025/2/10,,,"67,815",,"6,834,912",振込,,ｻﾝｲﾝｺﾞｳｷﾞﾝ,ﾖﾅｺﾞ,ﾕﾘﾊﾏｾｲｿｳ(ｶ
ﾖﾅｺﾞﾋｶﾞｼ支店（081） 普通 2467099,001,2025/2/14,,,"229,350",,"7,040,075",振込,,ﾐﾂﾋﾞｼUFJ,ｵｵｻｶ,ﾀﾞｲｾﾝﾃﾂｸ(ｶ
ﾖﾅｺﾞﾋｶﾞｼ支店（081） 普通 2467099,001,2025/2/17,,,"3,697,650",,"6,966,030",振込,,ｻﾝｲﾝｺﾞｳｷﾞﾝ,ﾖﾅｺﾞﾋｶﾞｼ,ﾎｸｴｲﾃｸﾉ(ｶ
ﾖﾅｺﾞﾋｶﾞｼ支店（081） 普通 2467099,002,2025/2/17,,,"7,569,900",,"14,535,930",振込,,ｻﾝｲﾝｺﾞｳｷﾞﾝ,ﾄﾂﾄﾘ,ｶ)ｲｽﾞﾓｸﾞﾐ
ﾖﾅｺﾞﾋｶﾞｼ支店（081） 普通 2467099,003,2025/2/17,,,"4,503",,"14,540,433",振込,,ｻﾝｲﾝｺﾞｳｷﾞﾝ,ﾋﾛｼﾏ,ﾁﾕｳｺﾞｸﾃﾞﾝﾘﾖｸ
ﾖﾅｺﾞﾋｶﾞｼ支店（081） 普通 2467099,009,2025/2/17,,,"73,700",,"14,236,497",振込,,ｻﾝｲﾝｺﾞｳﾄﾞｳ,ﾖﾅｺﾞ,ｶ)ｶｲﾀｾﾂｹｲ
ﾖﾅｺﾞﾋｶﾞｼ支店（081） 普通 2467099,010,2025/2/17,,,"15,180,000",,"29,416,497",振込,,ﾄﾂﾄﾘ,ﾅﾜ,ﾌｸｻｷﾁﾖｳ
ﾖﾅｺﾞﾋｶﾞｼ支店（081） 普通 2467099,011,2025/2/17,,,"158,950",,"29,575,447",振込,,ﾄﾂﾄﾘ,ﾄｳﾊｸ,ｶ)ﾅﾝﾌﾞｸﾐ
ﾖﾅｺﾞﾋｶﾞｼ支店（081） 普通 2467099,012,2025/2/17,,,"389,330",,"29,964,777",振込,,ﾄﾂﾄﾘ,ﾖﾅｺﾞ,ｶ)ｸﾏﾉｸﾞﾐ
ﾖﾅｺﾞﾋｶﾞｼ支店（081） 普通 2467099,013,2025/2/17,,,"1,359,150",,"31,323,927",振込,,ﾄﾂﾄﾘ,ﾖﾅｺﾞ,ｶ)ｸﾏﾉｸﾞﾐ
ﾖﾅｺﾞﾋｶﾞｼ支店（081） 普通 2467099,001,2025/2/18,,,"77,000",,"30,400,927",振込,,ｻﾝｲﾝｺﾞｳｷﾞﾝ,ﾄﾂﾄﾘｹﾝﾁﾖｳ,ﾋﾖｳｺﾞｹﾝﾎｸﾌﾞｿｳｺﾞｳ
ﾖﾅｺﾞﾋｶﾞｼ支店（081） 普通 2467099,001,2025/2/20,,,"44,000",,"26,682,319",振込,,ﾐﾂｲｽﾐﾄﾓ,ｳﾒﾀﾞ,ｻｶﾁﾖｳ(ｶ
ﾖﾅｺﾞﾋｶﾞｼ支店（081） 普通 2467099,002,2025/2/20,,,"20,845",,"26,703,164",振込,,ﾘｿﾅ,ｵｵｻｶ,ｵｷﾉｼﾏ(ｶ
ﾖﾅｺﾞﾋｶﾞｼ支店（081） 普通 2467099,003,2025/2/20,,,"1,429,890",,"28,133,054",振込,,ｻﾝｲﾝｺﾞｳｷﾞﾝ,ﾖﾅｺﾞﾋｶﾞｼ,ｱｷｵｳﾀｹﾝｾﾂ
ﾖﾅｺﾞﾋｶﾞｼ支店（081） 普通 2467099,004,2025/2/20,,,"65,890",,"28,198,944",振込,,ｻﾝｲﾝｺﾞｳｷﾞﾝ,ﾖﾅｺﾞﾆｼ,ｷﾀﾋﾛｼﾏｺｳｷﾞﾖｳ(ｶ
ﾖﾅｺﾞﾋｶﾞｼ支店（081） 普通 2467099,005,2025/2/20,,,"145,200",,"28,344,144",振込,,ｻﾝｲﾝｺﾞｳｷﾞﾝ,ﾔｽｷﾞ,ｶ)ｾﾗｹﾝｾﾂ
ﾖﾅｺﾞﾋｶﾞｼ支店（081） 普通 2467099,006,2025/2/20,,,"176,569",,"28,520,713",振込,,ｻﾝｲﾝｺﾞｳｷﾞﾝ,ﾄﾂﾄﾘｴｷﾅﾝ,ｺﾞｳﾂｹﾝｾﾂ(ｶ
ﾖﾅｺﾞﾋｶﾞｼ支店（081） 普通 2467099,007,2025/2/20,,,"3,465,000",,"31,985,713",振込,,ｻﾝｲﾝｺﾞｳｷﾞﾝ,ﾄｳﾊｸ,ｶ)ｼﾓﾉｾｷｸﾞﾐ
ﾖﾅｺﾞﾋｶﾞｼ支店（081） 普通 2467099,008,2025/2/20,,,"72,490",,"32,058,203",振込,,ｻﾝｲﾝｺﾞｳｷﾞﾝ,ﾋﾉﾊﾞｼ,ﾕ)ｳﾍﾞ
ﾖﾅｺﾞﾋｶﾞｼ支店（081） 普通 2467099,012,2025/2/20,,,"7,700",,"30,894,967",振込,,ﾐｽﾞﾎ,ﾄｳｷﾖｳﾎｳｼﾞﾝ,ｳﾝﾅﾝｺｳｼﾞ(ｶ
ﾖﾅｺﾞﾋｶﾞｼ支店（081） 普通 2467099,013,2025/2/20,,,"7,700",,"30,902,667",振込,,ﾐｽﾞﾎ,ﾄｳｷﾖｳﾎｳｼﾞﾝ,ｳﾝﾅﾝ(ｶ
ﾖﾅｺﾞﾋｶﾞｼ支店（081） 普通 2467099,014,2025/2/20,,,"33,000",,"30,935,667",振込,,ﾁﾕｳｺﾞｸ,ｽｻｲ,ﾕ)ﾔﾏｸﾞﾁﾄﾞｹﾝ
ﾖﾅｺﾞﾋｶﾞｼ支店（081） 普通 2467099,015,2025/2/20,,,"76,560",,"31,012,227",振込,,ｻﾝｲﾝｺﾞｳｷﾞﾝ,ﾊﾜｲ,ﾕ)ﾊｷﾞｹﾝｾﾂ
ﾖﾅｺﾞﾋｶﾞｼ支店（081） 普通 2467099,001,2025/2/21,,,"9,332,950",,"40,345,177",振込,,ﾐﾂｲｽﾐﾄﾓ,ﾄｳｷﾖｳ,ｵｶﾔﾏｻﾎﾟｰﾄ(ｶ
ﾖﾅｺﾞﾋｶﾞｼ支店（081） 普通 2467099,004,2025/2/21,,,"8,314",,"40,338,491",振込,,ﾐﾂｲｽﾐﾄﾓ,ｵｵｻｶﾎﾝﾃﾝ,ｽﾐﾄﾓｾｲﾒｲﾎｹﾝ
ﾖﾅｺﾞﾋｶﾞｼ支店（081） 普通 2467099,001,2025/2/22,,,"27,732",,"40,366,223",入金,,,,ｵﾘｿｸ
ﾖﾅｺﾞﾋｶﾞｼ支店（081） 普通 2467099,003,2025/2/25,,,"85,800",,"11,611,771",振込,,ﾐﾂｲｽﾐﾄﾓ,ﾎﾝﾃﾝ,ﾎｳﾌｳﾝﾕ(ｶ
ﾖﾅｺﾞﾋｶﾞｼ支店（081） 普通 2467099,004,2025/2/25,,,"288,750",,"11,900,521",振込,,ｻﾝｲﾝｺﾞｳｷﾞﾝ,ｻｶｲﾐﾅﾄ,ｸﾀﾞﾏﾂ(ｶ
ﾖﾅｺﾞﾋｶﾞｼ支店（081） 普通 2467099,005,2025/2/25,,,"29,535",,"11,930,056",振込,,ｻﾝｲﾝｺﾞｳｷﾞﾝ,ﾄﾂﾄﾘ,ﾀﾞｲ)ｲﾜｸﾆﾀﾞｲｶﾞｸ
ﾖﾅｺﾞﾋｶﾞｼ支店（081） 普通 2467099,006,2025/2/25,,,"3,938,000",,"15,868,056",振込,,ｻﾝｲﾝｺﾞｳｷﾞﾝ,ﾄﾂﾄﾘｹﾝﾁﾖｳ,ﾋﾖｳｺﾞｹﾝﾎｸﾌﾞｿｳｺﾞｳﾄﾖｵｶｹﾝﾄﾞ
ﾖﾅｺﾞﾋｶﾞｼ支店（081） 普通 2467099,007,2025/2/25,,,"36,800",,"15,904,856",振込,,ｻﾝｲﾝｺﾞｳｷﾞﾝ,ﾄﾂﾄﾘｹﾝﾁﾖｳ,ﾋﾖｳｺﾞｹﾝﾎｸﾌﾞｿｳｺﾞｳﾄﾖｵｶｹﾝﾄﾞ
ﾖﾅｺﾞﾋｶﾞｼ支店（081） 普通 2467099,019,2025/2/25,,,"131,890",,"15,333,619",振込,,ｻﾝｲﾝｺﾞｳﾄﾞｳ,ﾅﾜ,ﾕ)ﾋｶﾘ
ﾖﾅｺﾞﾋｶﾞｼ支店（081） 普通 2467099,021,2025/2/25,,,"39,600",,"15,204,219",振込,,ｼﾏﾈ,ﾔｽｷﾞ,ﾕ)ﾂﾔﾏﾄﾞｹﾝ
ﾖﾅｺﾞﾋｶﾞｼ支店（081） 普通 2467099,022,2025/2/25,,,"264,000",,"15,468,219",振込,,ﾄﾂﾄﾘｼﾝｷﾝ,ｾﾝﾀ-,ﾅｶﾞﾄｺｳｷﾞﾖｳ(ｶ
ﾖﾅｺﾞﾋｶﾞｼ支店（081） 普通 2467099,023,2025/2/25,,,"4,203,100",,"19,671,319",振込,,ﾄﾂﾄﾘ,ｶﾜﾊﾞﾗ,ｶ)ｶｻｵｶｹﾝｾﾂ
ﾖﾅｺﾞﾋｶﾞｼ支店（081） 普通 2467099,024,2025/2/25,,,"492,650",,"20,163,969",振込,,ﾁﾕｳｺﾞｸ,ﾀｶﾊｼ,ﾀﾏﾉｹﾝｾﾂ(ｶ
ﾖﾅｺﾞﾋｶﾞｼ支店（081） 普通 2467099,025,2025/2/25,,,640,,"20,164,609",振込,,ｻﾝｲﾝｺﾞｳｷﾞﾝ,ﾄｳｷﾖｳ,ﾐﾂｲｽﾐﾄﾓｶｲｼﾞﾖｳ
ﾖﾅｺﾞﾋｶﾞｼ支店（081） 普通 2467099,026,2025/2/25,,,"4,610",,"20,169,219",振込,,ｻﾝｲﾝｺﾞｳｷﾞﾝ,ﾄｳｷﾖｳ,ﾐﾂｲｽﾐﾄﾓｶｲｼﾞﾖｳ
ﾖﾅｺﾞﾋｶﾞｼ支店（081） 普通 2467099,001,2025/2/26,,,"93,390",,"20,259,309",振込,,ｻﾝｲﾝｺﾞｳｷﾞﾝ,ｲﾜﾐ,ｲﾊﾗｸﾞﾐ
ﾖﾅｺﾞﾋｶﾞｼ支店（081） 普通 2467099,010,2025/2/26,,,"550,000",,"20,229,891",振込,,ﾄﾂﾄﾘｼﾝｷﾝ,ｸﾗﾖｼ,ﾌｸﾔﾏｹﾝｼﾞ
ﾖﾅｺﾞﾋｶﾞｼ支店（081） 普通 2467099,007,2025/2/27,,,"1,331",,"13,928,012",入金,,,,ﾌﾂｳ
ﾖﾅｺﾞﾋｶﾞｼ支店（081） 普通 2467099,002,2025/2/28,,,"26,400",,"58,589,067",振込,,ｻﾝｲﾝｺﾞｳﾄﾞｳ,ﾄｳﾊｸ,ﾔﾅｲｶｲﾀｲ(ﾕ
ﾖﾅｺﾞﾋｶﾞｼ支店（081） 普通 2467099,003,2025/2/28,,,"156,915",,"58,745,982",振込,,ﾐｽﾞﾎ,ｳﾁｻｲﾜｲﾁﾖｳ,ﾐﾈｹﾝｾﾂ(ｶ
ﾖﾅｺﾞﾋｶﾞｼ支店（081） 普通 2467099,004,2025/2/28,,,"3,946,490",,"62,692,472",振込,,ｻﾝｲﾝｺﾞｳｷﾞﾝ,ﾄﾂﾄﾘ,ﾄﾂﾄﾘｹﾝｾﾂ(ｶ
ﾖﾅｺﾞﾋｶﾞｼ支店（081） 普通 2467099,005,2025/2/28,,,"52,800",,"62,745,272",振込,,ｻﾝｲﾝｺﾞｳｷﾞﾝ,ﾖﾅｺﾞ,ﾆｲﾐｹﾝｾﾂ(ｶ
ﾖﾅｺﾞﾋｶﾞｼ支店（081） 普通 2467099,006,2025/2/28,,,"410,300",,"63,155,572",振込,,ｻﾝｲﾝｺﾞｳｷﾞﾝ,ｸﾗﾖｼ,ﾋﾞｾﾞﾝｸﾞﾐ(ｶ
ﾖﾅｺﾞﾋｶﾞｼ支店（081） 普通 2467099,007,2025/2/28,,,"2,343,950",,"65,499,522",振込,,ｻﾝｲﾝｺﾞｳｷﾞﾝ,ﾋﾉﾊﾞｼ,ｾﾄｳﾁｺｳｷﾞﾖｳ(ｶ
ﾖﾅｺﾞﾋｶﾞｼ支店（081） 普通 2467099,008,2025/2/28,,,"29,700",,"65,529,222",振込,,ｻﾝｲﾝｺﾞｳｷﾞﾝ,ｻｶｲﾐﾅﾄ,ｱｶｲﾜｹﾝｾﾂ(ｶ
ﾖﾅｺﾞﾋｶﾞｼ支店（081） 普通 2467099,009,2025/2/28,,,"165,000",,"65,694,222",振込,,ｻﾝｲﾝｺﾞｳｷﾞﾝ,ﾖﾅｺﾞﾋｶﾞｼ,ﾎｸｴｲﾃｸﾉ(ｶ
ﾖﾅｺﾞﾋｶﾞｼ支店（081） 普通 2467099,010,2025/2/28,,,"182,600",,"65,876,822",振込,,ｻﾝｲﾝｺﾞｳｷﾞﾝ,ﾏﾂｻﾞｷ,ﾊﾔｼﾏｸﾞﾐ
ﾖﾅｺﾞﾋｶﾞｼ支店（081） 普通 2467099,011,2025/2/28,,,"131,560",,"66,008,382",振込,,ｻﾝｲﾝｺﾞｳｷﾞﾝ,ﾁﾖﾐ,ｶ)ｼﾕｳﾅﾝ
ﾖﾅｺﾞﾋｶﾞｼ支店（081） 普通 2467099,012,2025/2/28,,,"32,890",,"66,041,272",振込,,ｻﾝｲﾝｺﾞｳｷﾞﾝ,ﾖﾅｺﾞﾋｶﾞｼ,ｶ)ｵﾉﾀﾞｹﾝﾁｸ
ﾖﾅｺﾞﾋｶﾞｼ支店（081） 普通 2467099,013,2025/2/28,,,"132,000",,"66,173,272",振込,,ﾐﾂﾋﾞｼUFJ,ｵｵｻｶ,ﾀﾞｲｾﾝﾃﾂｸ(ｶ
ﾖﾅｺﾞﾋｶﾞｼ支店（081） 普通 2467099,014,2025/2/28,,,"8,800",,"66,182,072",振込,,ﾐﾂｲｽﾐﾄﾓ,ﾎﾝﾃﾝ,ｶﾐﾉｾｷ(ｶ
ﾖﾅｺﾞﾋｶﾞｼ支店（081） 普通 2467099,015,2025/2/28,,,"65,890",,"66,247,962",振込,,ｻﾝｲﾝｺﾞｳｷﾞﾝ,ﾖﾅｺﾞﾋｶﾞｼ,ｶ)ﾀﾌﾞｾ
ﾖﾅｺﾞﾋｶﾞｼ支店（081） 普通 2467099,016,2025/2/28,,,"82,153",,"66,330,115",振込,,ｻﾝｲﾝｺﾞｳｷﾞﾝ,ﾖﾅｺﾞﾋｶﾞｼ,ﾄｸﾋ)ｴｺﾊﾟ-ﾄﾅ-ﾄﾂ
ﾖﾅｺﾞﾋｶﾞｼ支店（081） 普通 2467099,033,2025/2/28,,,"131,890",,"54,098,576",振込,,ｻﾝｲﾝｺﾞｳﾄﾞｳ,ﾏﾂｻﾞｷ,ﾕ)ﾋﾗｵｹﾝｾﾂ
ﾖﾅｺﾞﾋｶﾞｼ支店（081） 普通 2467099,034,2025/2/28,,,"21,175",,"54,119,751",振込,,ｻﾝｲﾝｺﾞｳﾄﾞｳ,ﾖﾅｺﾞﾆｼ,ｶ)ｸﾗﾖｼﾎﾝﾃﾝ
ﾖﾅｺﾞﾋｶﾞｼ支店（081） 普通 2467099,037,2025/2/28,,,"460,240",,"17,501,591",振込,,ﾐﾂｲｽﾐﾄﾓ,ｵｵｻｶﾎﾝﾃﾝ,ｶ)ｱﾌﾞﾎﾝｼﾔ
ﾖﾅｺﾞﾋｶﾞｼ支店（081） 普通 2467099,050,2025/2/28,,,"84,700",,"17,250,681",振込,,ﾄﾂﾄﾘ,ﾖﾅｺﾞ,ｶ)ﾀｶﾏﾂ
ﾖﾅｺﾞﾋｶﾞｼ支店（081） 普通 2467099,051,2025/2/28,,,"86,900",,"17,337,581",振込,,ｻﾝｲﾝｺﾞｳｷﾞﾝ,ｻｶｲﾐﾅﾄ,ﾕ)ﾏﾙｶﾞﾒｼﾖｳｼﾞ
ﾖﾅｺﾞﾋｶﾞｼ支店（081） 普通 2467099,054,2025/2/28,,,"131,450",,"8,797,731",振込,,ﾖﾅｺﾞｼﾝｷﾝ,ｾﾝﾀ-,ｶ)ｻｶｲﾃﾞｺｳｷﾞﾖｳ
ﾖﾅｺﾞﾋｶﾞｼ支店（081） 普通 2467099,055,2025/2/28,,,"100,100",,"8,897,831",振込,,ﾐﾂｲｽﾐﾄﾓ,ﾎﾝﾃﾝ,ﾐｻｷ(ｶ
ﾖﾅｺﾞﾋｶﾞｼ支店（081） 普通 2467099,056,2025/2/28,,,"77,000",,"8,974,831",振込,,ﾄﾂﾄﾘ,ｸﾗﾖｼ,ﾋﾞｾﾞﾝｸﾞﾐｷﾖｳﾄﾞｳｷｷﾞﾖｳﾀｲ
ﾖﾅｺﾞﾋｶﾞｼ支店（081） 普通 2467099,057,2025/2/28,,,"807,760",,"9,782,591",振込,,ﾘｿﾅ,ｵｵｻｶ,ｶ)ｾﾞﾝﾂｳｼﾞｼｽﾃﾑ
ﾖﾅｺﾞﾋｶﾞｼ支店（081） 普通 2467099,058,2025/2/28,,,"848,760",,"10,631,351",振込,,ﾐﾂﾋﾞｼUFJ,ｼﾝﾊﾞｼｴｷﾏｴ,ｸﾒﾅﾝｹﾝｾﾂ
ﾖﾅｺﾞﾋｶﾞｼ支店（081） 普通 2467099,059,2025/2/28,,,"179,300",,"10,810,651",振込,,ｻﾝｲﾝｺﾞｳｷﾞﾝ,ﾏｽﾀﾞ,ｶ)ｱｻｸﾁｾﾂｹｲ
ﾖﾅｺﾞﾋｶﾞｼ支店（081） 普通 2467099,060,2025/2/28,,,"11,000",,"10,821,651",振込,,ﾘｿﾅ,ﾄﾗﾉﾓﾝ,ｶﾝﾉﾝｼﾞ(ｶ
ﾖﾅｺﾞﾋｶﾞｼ支店（081） 普通 2467099,061,2025/2/28,,,"48,950",,"10,870,601",振込,,ｻｲｷﾖｳ,ｸﾀﾞﾏﾂ,ｶ)ｸﾚﾎﾞｰﾘﾝｸﾞ
